Top queries,Clicks,Impressions,CTR,Position
urban war zone paintball,101,5568,1.81%,2.4
urban war zone,60,3151,1.9%,2.5
urban warzone,24,1245,1.93%,2.39
how much is paintballing,22,1512,1.46%,20.56
paintball prices,22,571,3.85%,9.66
how much does paintball cost,17,740,2.3%,30.01
paintball houston prices,17,297,5.72%,2.05
paintball cost,16,373,4.29%,34.05
paintball price,15,160,9.38%,22.33
urban warzone paintball,13,799,1.63%,2.38
how much is paintball,13,367,3.54%,30.25
urban paintball,11,711,1.55%,3.48
how much does it cost to go paintballing,9,674,1.34%,25.18
paintball cost per person,7,214,3.27%,42.47
paintball houston,6,10525,0.06%,4.35
how much is paintball per person,6,309,1.94%,27.94
paint balling,5,2359,0.21%,4.89
uwz paintball,5,743,0.67%,2.44
urban war zone paintball photos,5,693,0.72%,3.08
paintball prices per person,5,75,6.67%,11.39
paintball,4,19258,0.02%,6.23
paintball near me prices,4,469,0.85%,12.01
paint ball price,4,60,6.67%,34.2
urban war zone paintball houston,3,447,0.67%,2.37
urban war paintball,3,402,0.75%,2.26
how much is paintballing per person,3,124,2.42%,11.52
paintballing price,3,100,3%,43.58
how much is it to paintball,3,66,4.55%,12.8
paint balling price,3,38,7.89%,30
how much to go paintballing,3,35,8.57%,10.83
paint ball in houston,2,965,0.21%,3.98
how much is it to go paintballing,2,635,0.31%,10.38
how much does paintball cost per person,2,586,0.34%,43.78
urban paintball houston,2,334,0.6%,2.37
urban war zone houston,2,203,0.99%,2.49
paint balling prices,2,170,1.18%,64.09
how much does it cost to paintball,2,167,1.2%,30.93
paintball price per person,2,128,1.56%,37.27
how much does it cost to play paintball,2,116,1.72%,17.09
paintball prices near me,2,89,2.25%,40.7
how much is paint balling,2,81,2.47%,34.68
how much does paint ball cost,2,55,3.64%,40.87
how much for paintball,2,55,3.64%,41.84
paintball group packages,2,20,10%,12.65
how much to play paintball,2,17,11.76%,6.06
paint ball,1,3732,0.03%,6.21
paintballing,1,2239,0.04%,5.1
paintball in houston,1,971,0.1%,5.06
paintball houston tx,1,936,0.11%,5.41
uwz,1,626,0.16%,4.62
best paintball in houston,1,621,0.16%,3.04
urban war zone paintball reviews,1,529,0.19%,5.04
paint ball houston,1,431,0.23%,4.36
paintball zone,1,428,0.23%,10.13
war zone paintball,1,373,0.27%,3.73
how much does paintballing cost,1,322,0.31%,36.46
urban war zone paintball prices,1,294,0.34%,1.81
how much paintball cost,1,182,0.55%,40.94
paintball fields in houston,1,173,0.58%,2.96
paintball how much does it cost,1,89,1.12%,50.54
how much does it cost for paintball,1,74,1.35%,41.93
how much is paint ball,1,73,1.37%,34.63
how much is it to play paintball,1,66,1.52%,15.38
paintball pricing,1,57,1.75%,40.84
paint ball cost,1,31,3.23%,28.03
paintball near me price,1,15,6.67%,20.8
paint ball prices,1,14,7.14%,4.43
family paintball near me,1,9,11.11%,5
paintball near me for adults,1,8,12.5%,5.25
how much to paintball,1,8,12.5%,12.12
paintball shooting prices,1,4,25%,20.5
how much is a paintball session,1,3,33.33%,5
how much is it to go paintball near me,1,3,33.33%,5
how much does it cost to do paintball,1,2,50%,7.5
planet paintball locations,1,1,100%,6
paintball near me,0,18262,0%,8.45
houston paintball,0,2883,0%,3.25
indoor paintball houston,0,1834,0%,7.42
paintball sugar land,0,923,0%,9.16
indoor paintball,0,861,0%,9.95
indoor paintball near me,0,813,0%,8.04
paintball houston texas,0,725,0%,5.95
paint ball near me,0,701,0%,7.93
paintballing houston,0,615,0%,4.21
call of duty paintball houston,0,552,0%,8.32
paintball in houston texas,0,549,0%,7.52
paintball shooting,0,496,0%,3.92
paintball places near me,0,471,0%,6.07
paintball for kids,0,468,0%,6
paintball places,0,450,0%,4.19
htx paintball,0,450,0%,4.99
warzone paintball,0,447,0%,4.77
2315 telephone rd,0,420,0%,3.26
painting balling near me,0,391,0%,3.18
how much is it to go paintballing near me,0,390,0%,3.18
paintbal,0,384,0%,4.2
kids paintball,0,365,0%,6.25
houston paint ball,0,359,0%,3.33
htown paintball,0,356,0%,10.96
paintball birthday party near me,0,341,0%,6.04
paintball warzone,0,330,0%,5.46
outdoor paintball,0,329,0%,3.85
paintball birthday party,0,329,0%,7.26
paintball field,0,328,0%,4
painball,0,320,0%,5.74
unlimited paintball,0,318,0%,2.36
paint ball places,0,311,0%,3.55
urban war zone houston tx,0,310,0%,2.22
paintball place,0,310,0%,2.66
paintball usa houston,0,307,0%,3.42
paintball arena,0,307,0%,5.54
paintballing prices,0,307,0%,58.7
paintball locations,0,299,0%,3.05
paint ball shooting,0,299,0%,3.22
paintball in texas,0,299,0%,11.23
urban warfare paintball houston,0,291,0%,2.61
paintballing in houston,0,291,0%,3.93
paintball war zone,0,288,0%,2.74
paintballing near me,0,288,0%,7.33
paintball for kids near me,0,265,0%,6.54
paint ball for kids,0,258,0%,5.14
night time paintball near me,0,256,0%,4.68
low impact paintball near me,0,255,0%,4.83
paintball fight,0,255,0%,7.75
paintball near me birthday party,0,251,0%,5.82
paint balling in houston,0,250,0%,2.13
paintball party,0,248,0%,8.9
paintball baytown,0,247,0%,5.06
the urban war zone,0,246,0%,1.56
paintball places in houston,0,238,0%,3.43
outdoor paintball houston,0,225,0%,4.01
how much is paintballing for a party,0,225,0%,64.01
houston indoor paintball,0,222,0%,12.05
kids paintball near me,0,214,0%,6.5
paintball pearland,0,197,0%,9.48
how much do paintball cost,0,190,0%,54.08
paintball in houston tx,0,186,0%,5.79
paintball parks near me,0,181,0%,6.7
paintball place near me,0,173,0%,5.27
paintball .com,0,173,0%,7.97
cheap paintball places near me,0,172,0%,7.15
paintball wars near me,0,170,0%,4.19
outdoor paintball near me,0,168,0%,5.08
best paintball places near me,0,162,0%,5.98
paintball party near me,0,155,0%,6.04
paintball store near me,0,154,0%,11.01
paintball fields near me,0,152,0%,7.77
paintball group rates,0,151,0%,65.03
paintball places houston,0,146,0%,2.86
paintball in houston area,0,146,0%,4.88
top paintball park texas,0,146,0%,8.02
paintball party houston,0,137,0%,6.21
paint balling cost,0,136,0%,73.24
paintball spring tx,0,134,0%,11.37
paintballing cost,0,134,0%,55.58
urban zone,0,133,0%,6.28
paintball fight near me,0,126,0%,5.37
places to play paintball near me,0,118,0%,4.22
play paintball,0,114,0%,7.36
paint balling near me,0,113,0%,8.09
paintball houston near me,0,112,0%,20.21
how much do paintballs cost,0,106,0%,34.92
paintball shooting near me,0,105,0%,7.27
paintball fields houston,0,104,0%,3.41
paintball guns near me,0,103,0%,8.75
paintball zone houston,0,91,0%,11.98
paintball shop near me,0,89,0%,9.73
warzone houston,0,88,0%,10.86
how much are paintballs,0,84,0%,42.14
paint balloon fight near me,0,83,0%,8.55
pintball,0,79,0%,5.29
paintball guns houston,0,78,0%,8.76
paintball stores in houston,0,78,0%,12.28
paintball near me open now,0,76,0%,6.09
how much does a paintball game cost,0,76,0%,32.61
paintball park,0,74,0%,7.35
paintball indoor,0,73,0%,9.16
paintballs near me,0,73,0%,9.48
zone paintball,0,72,0%,5.25
paintball cerca de mi,0,71,0%,8.8
paint+balling+latest,0,69,0%,10.39
cost of paintball,0,67,0%,40.16
paitball,0,65,0%,5.14
paintball arena near me,0,65,0%,8.72
paintball fields,0,64,0%,6.92
cheap paintball near me,0,63,0%,5.1
paintball park near me,0,59,0%,8.44
paintball friendswood,0,59,0%,13.51
paint balling houston,0,57,0%,2.56
paintball war near me,0,56,0%,6.02
paintball tomball,0,54,0%,13.74
paintballzone,0,53,0%,8.66
paintball.,0,52,0%,6.35
paintball range,0,51,0%,5.84
pantball,0,51,0%,7.02
houston paintball fields,0,50,0%,3.42
paintball near me within 20 mi,0,50,0%,7.22
glow in the dark paintball near me,0,49,0%,5.86
painballing,0,48,0%,5.12
pint ball,0,48,0%,5.69
houston heat paintball,0,46,0%,4.37
night paintball,0,46,0%,8.37
paintball downtown,0,45,0%,7.98
paintball.near me,0,45,0%,9
paint balling nearby,0,44,0%,4.23
paintvall,0,44,0%,7.02
indoor paint ball,0,44,0%,10.18
paintball course,0,43,0%,7.53
paintball range near me,0,43,0%,7.98
top rated paintball near me,0,42,0%,5.67
paintball rosenberg tx,0,41,0%,11.83
paintballing costs,0,41,0%,85.15
paint bal,0,40,0%,5.85
paintball indoor near me,0,40,0%,9.45
paint ball fight,0,39,0%,8.95
paintball midland tx,0,39,0%,11.26
paintballinf,0,38,0%,4.95
paintball katy,0,38,0%,19.66
paintballin,0,37,0%,5.54
paintball field near me,0,37,0%,7.78
paintball near me for kids,0,37,0%,8.46
paintball fields in texas,0,37,0%,10.7
paintball costs,0,37,0%,55.14
paintball downtown houston,0,36,0%,2.97
pant ball,0,36,0%,6.19
paintball shooting range,0,35,0%,4.89
paint balls near me,0,35,0%,5.83
paintball indoors,0,35,0%,8.29
painball near me,0,35,0%,8.71
paintba,0,34,0%,7.21
paintball closest to me,0,34,0%,8.79
paint ball zone,0,33,0%,10.7
call of duty paintball near me,0,32,0%,5.09
paintball how much,0,32,0%,35.19
paintball kids,0,31,0%,6.97
paintball parks,0,31,0%,7.16
paintball mear me,0,31,0%,8.06
paintball texas,0,31,0%,14.94
panitball,0,30,0%,5.33
paintball richmond,0,30,0%,8.17
paintball course near me,0,30,0%,9.57
urban warfare paintball,0,29,0%,7.41
how much does it cost to go paintball,0,29,0%,10.34
paintball rental near me,0,29,0%,25.83
houston texas paintball,0,27,0%,2
houston paintballing,0,27,0%,3.15
paintball outdoors,0,27,0%,4.7
paintball for kids party,0,27,0%,9.85
indoor paintballing,0,27,0%,10.93
piantball,0,26,0%,6.85
paintball nesr me,0,26,0%,7.62
paintball shops near me,0,26,0%,9.77
paintball near me cost,0,26,0%,28.12
painting balling,0,25,0%,5.68
pait ball,0,25,0%,5.8
paint zone,0,25,0%,6.36
the paintball center,0,25,0%,6.88
paintballinh,0,25,0%,7.56
black ops paintball near me,0,25,0%,7.64
paint ball party,0,25,0%,9.72
urban paint ball,0,24,0%,3.42
paint ball place,0,24,0%,5.17
paintballimg,0,24,0%,5.88
paintball war,0,24,0%,12.71
cheapest paintball near me,0,24,0%,15.58
paintball near me indoor,0,23,0%,6.57
urban war,0,23,0%,7.35
paintball near,0,23,0%,8.48
paintball stores near me,0,23,0%,11.87
paintball arenas,0,22,0%,4.86
paintball nearby,0,22,0%,5.55
paint shooting,0,22,0%,5.95
paintball near me outdoor,0,22,0%,6.23
paintball for adults near me,0,22,0%,6.5
paintbll,0,22,0%,6.5
paintball pasadena tx,0,22,0%,6.91
paintball for adults,0,21,0%,5.76
nearest paintball,0,21,0%,5.9
paintballl,0,21,0%,6.76
paintball arenas near me,0,21,0%,7.38
paint ball game near me,0,21,0%,8.67
zombie paintball houston,0,21,0%,10.67
paintball lowest prices,0,21,0%,74.19
paintball outdoor,0,20,0%,5.05
piant ball,0,20,0%,6.2
play paintball near me,0,20,0%,7.3
houston cod paintball,0,20,0%,7.85
uwzvr,0,19,0%,4
paintball area,0,19,0%,5.89
paintball party for kids,0,19,0%,5.95
paintpall,0,19,0%,6
paintball centres,0,19,0%,6.37
paimtball,0,19,0%,6.42
night paintball houston,0,19,0%,6.47
paintball for teens,0,19,0%,7.95
mini tank paintball near me,0,19,0%,8.42
how much does a paintball cost,0,19,0%,14.32
best paintball near me,0,18,0%,4.78
paint ball park,0,18,0%,6
paintballing places,0,18,0%,6.39
paint ball gun park,0,18,0%,6.56
paintball near me within 5 mi,0,18,0%,6.61
paintabll,0,18,0%,6.67
paint shooting near me,0,18,0%,6.94
paintball newr me,0,18,0%,8.61
paintball birthday parties near me,0,18,0%,8.94
pain ball,0,17,0%,2.94
paint balll,0,17,0%,5.94
paint ball places near me,0,17,0%,6.94
night paintball near me,0,17,0%,7.12
paintball games near me,0,17,0%,7.65
inside paintball near me,0,17,0%,8.06
paintball gun near me,0,17,0%,9.94
paintball precio,0,17,0%,11
tx paintball,0,17,0%,12.53
uzuwz,0,16,0%,2.69
oaintball,0,16,0%,5
paintball outdoor near me,0,16,0%,5.69
paintball around me,0,16,0%,6.25
paintball gun range,0,16,0%,6.5
late night paintball,0,16,0%,6.94
paintball neat me,0,16,0%,7.38
paintball bonanza,0,16,0%,7.81
glowball near me,0,16,0%,8.5
black ops zombie paintball near me,0,16,0%,9.12
paintball gun store near me,0,16,0%,10.69
ultra zone paintball,0,16,0%,38.88
paintball prices new jersey,0,16,0%,74.06
adult paintball,0,15,0%,4.8
paint ball.,0,15,0%,6.27
night time paintball,0,15,0%,6.47
paintball usa near me,0,15,0%,7.27
kids paintball party,0,15,0%,7.6
paintball courses near me,0,15,0%,9.07
richmond paintball,0,15,0%,11.2
pain balling,0,14,0%,3.36
paintbaling,0,14,0%,3.79
paint ballin,0,14,0%,4.21
top rated paintball near bellaire tx,0,14,0%,5.29
panit ball,0,14,0%,5.64
paintballing places near me,0,14,0%,6.29
adult paintball near me,0,14,0%,6.36
paintball zone near me,0,14,0%,6.93
paintbsll,0,14,0%,7.57
paintball events,0,14,0%,7.64
paintballing nearby,0,14,0%,8.86
indoor.paintball,0,14,0%,10.14
paintball gun nearby,0,14,0%,10.93
how much is paintball near me,0,14,0%,25.21
paintball gun places,0,13,0%,4.08
paintball fun,0,13,0%,5.77
paint gun game near me,0,13,0%,6.15
paint fight near me,0,13,0%,6.69
paintball games,0,13,0%,7.46
paintball places near me for kids,0,13,0%,8.31
kid friendly paintball near me,0,13,0%,8.38
kids paint ball,0,13,0%,8.85
paintball teams near me,0,13,0%,10.46
black ops paintball prices,0,13,0%,91.92
paintballinv,0,12,0%,4.33
paimt ball,0,12,0%,4.5
paint balling.,0,12,0%,5.08
indoor paint balling,0,12,0%,5.83
paintball pasadena,0,12,0%,6.08
psintball,0,12,0%,6.25
woodsball paintball near me,0,12,0%,6.75
paintball maps,0,12,0%,7.33
paintballing for kids,0,12,0%,7.42
houston call of duty paintball,0,12,0%,8
paintball bear me,0,12,0%,8.5
inside paintball,0,12,0%,9.17
paintball crosby tx,0,12,0%,10.42
how much is a paintball,0,12,0%,32
war play paintball,0,12,0%,45.08
how expensive is paintball,0,12,0%,50.42
skirmish paintball prices,0,12,0%,92
paintball kids near me,0,11,0%,6.09
paintball near us,0,11,0%,6.64
paint bowling,0,11,0%,7.64
paint gun shooting near me,0,11,0%,8.27
paintball near.me,0,11,0%,8.55
paintaball,0,11,0%,8.64
paintball hours,0,11,0%,9.18
paint ball newr me,0,11,0%,9.64
cost to play paintball,0,11,0%,15.55
paintball cuanto cuesta,0,10,0%,1
paint war near me,0,10,0%,2.8
paintball urban,0,10,0%,4
paintball gun place,0,10,0%,4.8
paintballing.,0,10,0%,5.4
paintall,0,10,0%,5.5
paintball gun places near me,0,10,0%,5.5
paintba;;,0,10,0%,5.6
the paintball centre,0,10,0%,6.2
paontball,0,10,0%,6.4
paintball cheap,0,10,0%,7.8
paintbal near me,0,10,0%,8
paitball near me,0,10,0%,8.2
war paintball,0,10,0%,8.4
paintball area near me,0,10,0%,8.5
paintball cerca de mi ubicación,0,10,0%,8.6
paintball zone reviews,0,10,0%,8.6
paintball birthday,0,10,0%,9.3
paintball near me.,0,10,0%,9.4
paintball near ne,0,10,0%,11.7
paintball and airsoft near me,0,10,0%,12.1
group paintballing,0,10,0%,44.3
paintballs cost,0,10,0%,54.1
cheapest paintball,0,10,0%,68.5
paint gun places near me,0,9,0%,3.44
paintballibg,0,9,0%,3.78
paintbalk,0,9,0%,4
paint ballinh,0,9,0%,4.11
painting ball near me,0,9,0%,5
paintnall,0,9,0%,5.11
group paintball near me,0,9,0%,5.22
paint ballong,0,9,0%,5.44
paintball spots,0,9,0%,6.78
juegos de pistolas de pintura cerca de mi,0,9,0%,6.89
painy ball,0,9,0%,7.33
paintball birthday parties,0,9,0%,8.56
call of duty paintball,0,9,0%,8.67
paintball richmond tx,0,9,0%,10
the zone paintball,0,9,0%,10.22
outdoor airsoft houston,0,9,0%,10.78
paintball store in houston,0,9,0%,21.11
splat zone houston,0,9,0%,61.89
houston heat paintball team,0,8,0%,1.88
paint boll,0,8,0%,3
paintball gun place near me,0,8,0%,3.62
painrball,0,8,0%,4.25
paintball gun fight near me,0,8,0%,4.25
pant balling,0,8,0%,4.75
places to go paintballing,0,8,0%,4.75
paintablling,0,8,0%,5.5
underground paintball,0,8,0%,5.75
kids paintball birthday party,0,8,0%,6.38
paintballong,0,8,0%,6.38
where to go paintballing,0,8,0%,6.5
paint ball course,0,8,0%,6.88
paintball events near me,0,8,0%,6.88
paintball open now,0,8,0%,6.88
paintball spots near me,0,8,0%,7.38
paintball inside,0,8,0%,7.75
paint pall,0,8,0%,8.38
paint bowling near me,0,8,0%,8.5
paint ball.near me,0,8,0%,8.75
paintball facilities near me,0,8,0%,9
paint.ball,0,8,0%,10
paintball katy tx,0,8,0%,11
paintball wond,0,8,0%,12
soft paintball near me,0,8,0%,12.88
price of paintball,0,8,0%,51.5
group paintballing deals,0,8,0%,64.88
is paintball expensive,0,8,0%,92.38
paiball,0,7,0%,3.43
houston zone paintball,0,7,0%,4.43
paintball gun arena,0,7,0%,5
paintball open near me,0,7,0%,5
paitballing,0,7,0%,5.14
paitnball,0,7,0%,5.43
paintballing party,0,7,0%,5.57
paintbakl,0,7,0%,5.71
painballing near me,0,7,0%,5.86
paint vall,0,7,0%,5.86
paint bolling,0,7,0%,6.29
indoor paintball houston tx,0,7,0%,6.57
paintball in my area,0,7,0%,6.57
where to play paintball near me,0,7,0%,6.57
warzone near me,0,7,0%,6.71
indoor paint ball near me,0,7,0%,7
paintbl,0,7,0%,7.14
paintballing indoor,0,7,0%,7.29
paintball.com,0,7,0%,7.71
paintball nuketown near me,0,7,0%,7.86
indoor.paintball near me,0,7,0%,8
paint ball place near me,0,7,0%,8
paintball areas near me,0,7,0%,8
paintball feilds near me,0,7,0%,8.14
paintball reservations,0,7,0%,8.29
paint ball nesr me,0,7,0%,8.71
urban warfare paintball photos,0,7,0%,9.29
h town paintball reviews,0,7,0%,9.71
tank paintball near me,0,7,0%,9.71
paintball gun service near me,0,7,0%,10.14
paintball game near me,0,7,0%,12.14
txr paintball,0,7,0%,32.29
paintball humble,0,7,0%,48.57
paintball near houston tx,0,6,0%,2
gotcha cerca de mi,0,6,0%,2.5
"urban war zone paintball houston, tx",0,6,0%,2.5
agr sports,0,6,0%,3.33
paint balling for kids,0,6,0%,4
paintbakk,0,6,0%,4.17
paintballint,0,6,0%,4.33
paint gun place,0,6,0%,4.5
painyball,0,6,0%,4.67
paint shooting places,0,6,0%,4.83
paint ballimg,0,6,0%,5
paintball experience,0,6,0%,5.17
"paintball zone houston, paintball center, friendswood",0,6,0%,5.33
nuketown paintball houston,0,6,0%,5.67
paibtball,0,6,0%,5.67
paintball courses,0,6,0%,6
paintball open,0,6,0%,6
paint ball near,0,6,0%,6.17
paintball areas,0,6,0%,6.17
paint ball field,0,6,0%,6.33
places for paintball,0,6,0%,6.33
painbol,0,6,0%,6.83
paintball center,0,6,0%,6.83
where can i play paintball near me,0,6,0%,7.17
paintball parties,0,6,0%,7.33
paintball tickets,0,6,0%,7.33
best paintball places,0,6,0%,7.67
paintball locations near me,0,6,0%,7.67
cod paintball,0,6,0%,7.83
paintball at night,0,6,0%,8.33
parque de paintball,0,6,0%,8.33
paintball near me cheap,0,6,0%,8.67
indoor paintball near me for kids,0,6,0%,9
indoor paintball places near me,0,6,0%,9.5
indoor paintball arena,0,6,0%,10.17
paint gun play,0,6,0%,10.17
paintball classes near me,0,6,0%,10.67
paintball throwing near me,0,6,0%,10.83
paintball in richmond,0,6,0%,11.5
airsoft and paintball near me,0,6,0%,12
cost of paintballing,0,6,0%,50.83
cheapest paintballs,0,6,0%,55
splat zone indoor paintball and pickleball,0,6,0%,64
price of paintballs,0,6,0%,64.67
cost of paintballs,0,6,0%,73.17
fun on the run paintball prices,0,6,0%,78.17
paintball urban war zone,0,5,0%,1
paintball location,0,5,0%,2.2
private paintball near me,0,5,0%,2.2
paintaballing,0,5,0%,3
where can i go paintballing,0,5,0%,3.6
paint gun places,0,5,0%,3.8
paint alling,0,5,0%,4
paintball balls near me,0,5,0%,4.2
paintboll,0,5,0%,4.2
peint ball,0,5,0%,4.4
precio de paintball,0,5,0%,4.4
paint wars near me,0,5,0%,4.6
best paintballing,0,5,0%,5
juegos de paintball cerca de mi,0,5,0%,5
paintball in the dark,0,5,0%,5
how much it cost to go paintballing,0,5,0%,5.2
nearest paintball place,0,5,0%,5.2
outside paintball,0,5,0%,5.2
paintball by me,0,5,0%,5.8
paintball fighting near me,0,5,0%,5.8
paintball night,0,5,0%,5.8
paintball places for kids,0,5,0%,5.8
good paintball places near me,0,5,0%,6
paintball facility,0,5,0%,6
paintball feilds,0,5,0%,6
places to go paintballing near me,0,5,0%,6
paintball outside,0,5,0%,6.2
paintball paintball,0,5,0%,6.2
paintball shooting for kids,0,5,0%,6.2
paintball close to me,0,5,0%,6.6
paintball parties near me,0,5,0%,6.6
pauntball,0,5,0%,6.6
paont ball,0,5,0%,6.8
paintball areana,0,5,0%,7
pairball,0,5,0%,7
paintball for 6 year olds,0,5,0%,7.2
paintball gun range near me,0,5,0%,7.2
paing ball,0,5,0%,7.4
donde jugar paintball cerca de mi,0,5,0%,7.6
glowball paintball near me,0,5,0%,7.6
kids paintballing,0,5,0%,7.6
paintball centers,0,5,0%,7.6
paintball near mw,0,5,0%,7.6
paintballs nearby,0,5,0%,7.6
paintball average cost,0,5,0%,8
youth paintball,0,5,0%,8
closest paintball near me,0,5,0%,8.2
paint ball near.me,0,5,0%,8.2
paintball room,0,5,0%,8.2
paintballing richmond,0,5,0%,8.2
paintballjng,0,5,0%,8.2
indoor paintball field,0,5,0%,8.6
paintball kids birthday party,0,5,0%,8.6
paintball nearme,0,5,0%,8.8
paint ball birthday,0,5,0%,9
paintabll near me,0,5,0%,9
paint ball shop near me,0,5,0%,9.2
battle royale near me,0,5,0%,9.4
outdoor paintball fields near me,0,5,0%,9.4
paint ball feild,0,5,0%,9.4
paint balloon fight locations,0,5,0%,9.6
birthday party paintball,0,5,0%,9.8
paintball teams for 12 year olds,0,5,0%,9.8
laintball,0,5,0%,10
paint ball bear me,0,5,0%,10.4
paintball activities near me,0,5,0%,10.4
paintball adventures,0,5,0%,10.6
pintball near me,0,5,0%,10.8
paint ball gun nearby,0,5,0%,11
paintball guns for sale near me,0,5,0%,11.4
paintzone,0,5,0%,11.4
paintball zones,0,5,0%,12
halloween paintball near me,0,5,0%,12.2
paintballi g,0,5,0%,22
madddogz paintball prices,0,5,0%,32.6
paintball preços,0,5,0%,36
how much are paint balls,0,5,0%,38.8
houston funplex prices,0,5,0%,50.2
paintball ammo prices,0,5,0%,50.4
paintball explosion prices,0,5,0%,51.2
splat zone indoor paintball,0,5,0%,60
how many paintballs do you need,0,5,0%,68.2
gotcha paintball prices,0,4,0%,1
outdoor adventure houston 40,0,4,0%,1
how much is it to go paint balling,0,4,0%,2
paintball wizard,0,4,0%,2
houston paintball arena,0,4,0%,2.25
paint ball outdoor,0,4,0%,2.25
paint gun range near me,0,4,0%,2.25
paintball fields houston tx,0,4,0%,2.5
indoor paintball latest,0,4,0%,2.75
nuketown paintball,0,4,0%,3
paint ball richmond,0,4,0%,3
paintball lessons,0,4,0%,3
pintboll,0,4,0%,3
outdoor paintballing,0,4,0%,3.75
paintbaill,0,4,0%,3.75
paintball map,0,4,0%,4
agr sports adventure park,0,4,0%,4.25
oaint ball,0,4,0%,4.25
paint balling latest,0,4,0%,4.25
paintball play,0,4,0%,4.25
painboll,0,4,0%,4.5
paint gun wars near me,0,4,0%,4.5
paintball day,0,4,0%,4.5
aintball,0,4,0%,4.75
paintball adults,0,4,0%,4.75
mini paintball near me,0,4,0%,5
nearest paintball field,0,4,0%,5
paint ball range,0,4,0%,5
shooting range paintball,0,4,0%,5
open play paintball,0,4,0%,5.25
paintball south,0,4,0%,5.25
paint shooting game near me,0,4,0%,5.5
the paintball,0,4,0%,5.5
houston texas paintball series,0,4,0%,5.75
nighttime paintball near me,0,4,0%,5.75
paint ball arena,0,4,0%,5.75
paintball centers near me,0,4,0%,5.75
paintball gun game near me,0,4,0%,5.75
paintball near me open,0,4,0%,5.75
paintball packages near me,0,4,0%,5.75
paintball shooting range near me,0,4,0%,5.75
paintball specials,0,4,0%,5.75
open play paintball near me,0,4,0%,6
paint ball locations,0,4,0%,6
indoor paintball shooting,0,4,0%,6.25
paint ball area,0,4,0%,6.25
paint games near me,0,4,0%,6.25
paintball teens,0,4,0%,6.25
glow in dark paintball near me,0,4,0%,6.5
paintball cheap near me,0,4,0%,6.5
paintball house,0,4,0%,6.5
paintball mission,0,4,0%,6.5
paintball target shooting near me,0,4,0%,6.5
paint.balling,0,4,0%,6.75
paintbball,0,4,0%,6.75
how much does one paintball cost,0,4,0%,7
zombie paintball near me,0,4,0%,7
gun game near me,0,4,0%,7.25
paintball feild,0,4,0%,7.25
paintball rental,0,4,0%,7.25
psint ball,0,4,0%,7.25
"agr sports adventure park - houston and katy, recreation center, houston",0,4,0%,7.5
paintball birthday party for kids,0,4,0%,7.5
paintball camp,0,4,0%,7.5
pinball cerca de mi,0,4,0%,7.5
paintball site near me,0,4,0%,7.75
youth paintball leagues near me,0,4,0%,7.75
paint gun shooting,0,4,0%,8
cheap paintballing,0,4,0%,8.25
paintball ner me,0,4,0%,8.25
paintballinf near me,0,4,0%,8.25
glow paintball near me,0,4,0%,8.5
indoor paintball for kids,0,4,0%,8.5
kid paintball,0,4,0%,8.5
world of tanks paintball near me,0,4,0%,8.5
call of duty paintball course,0,4,0%,9
kids paintball party near me,0,4,0%,9
oaintball near me,0,4,0%,9
paint ball war,0,4,0%,9.25
paintball fights near me,0,4,0%,9.25
paintball club,0,4,0%,9.5
paint ball gun near me,0,4,0%,9.75
paintball.store near me,0,4,0%,9.75
tank arena near me,0,4,0%,10
paint ball party near me,0,4,0%,10.5
indoor painball,0,4,0%,10.75
pain ball near me,0,4,0%,10.75
paint ball shooting near me,0,4,0%,10.75
paintball galveston,0,4,0%,11
paintball woodlands,0,4,0%,12
how much is it to go paintball shooting,0,4,0%,13.25
urban houston,0,4,0%,13.25
where can i go paintballing near me,0,4,0%,15.75
paintball group deals,0,4,0%,24.25
how much do paintballs cost?,0,4,0%,27.25
paintball pris,0,4,0%,49.75
paintball store houston,0,4,0%,50.25
prices for paintball,0,4,0%,55.5
�u�w �� �z,0,4,0%,56.5
paintball balls price,0,4,0%,58.25
cheap paintball packages,0,4,0%,74.25
paintball preco,0,4,0%,75.5
paintball game price,0,4,0%,83.25
ball near me,0,3,0%,1
balls near me,0,3,0%,1
indoor paintball near me prices,0,3,0%,1
paintball sites,0,3,0%,1.33
paintball entry fee,0,3,0%,1.67
paintballling,0,3,0%,2.67
paint ballinf,0,3,0%,3
woodsball near me,0,3,0%,3
lpaintball,0,3,0%,3.67
paintball for beginners near me,0,3,0%,3.67
h town paintball,0,3,0%,4
painball shooting,0,3,0%,4
paintball 59,0,3,0%,4
places to play paintball,0,3,0%,4
how much paintball cost per person,0,3,0%,4.33
paint ball nearby,0,3,0%,4.33
paintball for kids and adults,0,3,0%,4.33
paintballi,0,3,0%,4.33
how much is a paintball party,0,3,0%,4.67
loft paintball,0,3,0%,4.67
paintball venues near me,0,3,0%,4.67
kids paintball parties,0,3,0%,5
paint bsll,0,3,0%,5
paint nall,0,3,0%,5
paintbowl,0,3,0%,5
paint ball mear me,0,3,0%,5.33
paintball in,0,3,0%,5.33
where to play paintball,0,3,0%,5.33
paintbailling,0,3,0%,5.67
paintball birthday near me,0,3,0%,5.67
paintball deals near me,0,3,0%,5.67
paintball sports,0,3,0%,5.67
paintbqll,0,3,0%,5.67
paintnball,0,3,0%,5.67
paint ball kids,0,3,0%,6
paint gun games near me,0,3,0%,6
paintball for 13 year olds,0,3,0%,6
paintball shooting gallery,0,3,0%,6
pantballing,0,3,0%,6
places to paintball near me,0,3,0%,6
spring paintball,0,3,0%,6
war zone near me,0,3,0%,6
paingball,0,3,0%,6.33
paint gun range,0,3,0%,6.33
paintballijg,0,3,0%,6.33
uran war,0,3,0%,6.33
paint ball around me,0,3,0%,6.67
paint ball park near me,0,3,0%,6.67
paint bol,0,3,0%,6.67
neon paintball near me,0,3,0%,7
paint all near me,0,3,0%,7
paintball for.kids,0,3,0%,7
paintball gun games near me,0,3,0%,7
paintbol,0,3,0%,7
paintvalling,0,3,0%,7
under paintball,0,3,0%,7
paintball within 20 mi,0,3,0%,7.33
pentball,0,3,0%,7.33
pqintball,0,3,0%,7.33
xtreme paintball,0,3,0%,7.33
best indoor paintball,0,3,0%,7.67
cost of paintball game,0,3,0%,7.67
paintball arena indoor,0,3,0%,7.67
paintball lafayette,0,3,0%,7.67
best paintball,0,3,0%,8
offsite paintball rental near me,0,3,0%,8
paint ball room,0,3,0%,8
paintball for kids birthday,0,3,0%,8
painbal,0,3,0%,8.33
paintball mini tanks near me,0,3,0%,8.33
paintball store near me open now,0,3,0%,8.33
urban wat,0,3,0%,8.33
paint bll,0,3,0%,8.67
paint park,0,3,0%,8.67
paintball paint near me,0,3,0%,8.67
paint ball indoor,0,3,0%,9
paint gun war near me,0,3,0%,9
paintball near m,0,3,0%,9
extreme paintball,0,3,0%,9.33
how much is a paintball birthday party,0,3,0%,9.33
painr ball,0,3,0%,9.33
paintball center near me,0,3,0%,9.33
paitn ball,0,3,0%,9.33
nearest paintball place near me,0,3,0%,9.67
paint ba,0,3,0%,9.67
paint ball parties,0,3,0%,9.67
paintball colegios,0,3,0%,9.67
paintball in near me,0,3,0%,9.67
paintballing nesr me,0,3,0%,10
paintbyelli,0,3,0%,10
painvall,0,3,0%,10
paintball birthday party for kids near me,0,3,0%,10.33
paintvall near me,0,3,0%,10.33
speedball paintball near me,0,3,0%,10.33
paintball gun park,0,3,0%,10.67
paint ball near me.,0,3,0%,11
piantball near me,0,3,0%,11
paint ball course near me,0,3,0%,11.33
indoor paintball arena near me,0,3,0%,12.33
paintball near .e,0,3,0%,12.67
childrens paintball,0,3,0%,13
airsoft parks near me,0,3,0%,13.67
what's up paintball,0,3,0%,14
paintball gear houston,0,3,0%,17.33
go paintballing,0,3,0%,18.67
paintball cost near me,0,3,0%,24.33
paintball rent,0,3,0%,25
paintball precios,0,3,0%,30
conroe paintball,0,3,0%,32.33
how much is paintball shooting,0,3,0%,37.67
combat zone paintball inc prices,0,3,0%,45.33
paintball tank,0,3,0%,51
paintballs price,0,3,0%,53.67
paintball humble tx,0,3,0%,63.33
how to treat paintball welts,0,3,0%,73
�u�w �� �z �t��,0,3,0%,77
how much paintballs do i need,0,3,0%,77.67
cuanto cuesta jugar paintball,0,2,0%,1
cuanto cuesta paintball,0,2,0%,1
tekken 6 urban war zone,0,2,0%,1
paintball holiday,0,2,0%,1.5
kids zone world games,0,2,0%,2
paint balljng,0,2,0%,2
paintball 45,0,2,0%,2
paintball tickets price,0,2,0%,2
private paintball,0,2,0%,2
badass paintball,0,2,0%,2.5
only paintball,0,2,0%,2.5
paint ball?,0,2,0%,2.5
paintballing cheap,0,2,0%,2.5
warzone me,0,2,0%,2.5
city gear telephone rd,0,2,0%,3
donde jugar paintball,0,2,0%,3
h-town paintball,0,2,0%,3
nearby paintball places,0,2,0%,3
paijtball,0,2,0%,3
paintball nea rme,0,2,0%,3
paintballing place,0,2,0%,3
pinball shooting,0,2,0%,3
"agr sports indoor paintball, laser tag, gellyball and axe throwing",0,2,0%,3.5
apaintball,0,2,0%,3.5
paidball,0,2,0%,3.5
paint balling party,0,2,0%,3.5
paunt ball,0,2,0%,3.5
play paintball locations,0,2,0%,3.5
warzone store,0,2,0%,3.5
painbool,0,2,0%,4
paint ball fields,0,2,0%,4
paintball gun fight,0,2,0%,4
paintballing around me,0,2,0%,4
where to go paintballing near me,0,2,0%,4
group paintball,0,2,0%,4.5
laser tag in houston,0,2,0%,4.5
night ops paintball,0,2,0%,4.5
paintball battle near me,0,2,0%,4.5
paintball facilities,0,2,0%,4.5
paintball halle,0,2,0%,4.5
paintball open today,0,2,0%,4.5
pintaball,0,2,0%,4.5
where is the nearest paintball place,0,2,0%,4.5
enjoy paintball,0,2,0%,5
indoor paintball near me for adults,0,2,0%,5
paint ball near us,0,2,0%,5
paint gun fight,0,2,0%,5
paintball date night,0,2,0%,5
paintball target shooting,0,2,0%,5
paintballing near me.,0,2,0%,5
private paintball party,0,2,0%,5
warfare paintball,0,2,0%,5
games paintball,0,2,0%,5.5
painball for kids,0,2,0%,5.5
paint ball court,0,2,0%,5.5
paint ball event,0,2,0%,5.5
paintball shoot,0,2,0%,5.5
agr sports latest,0,2,0%,6
arcade paintball,0,2,0%,6
mobile paintball near me,0,2,0%,6
painball park,0,2,0%,6
paint balling places,0,2,0%,6
paintball cerca de mí,0,2,0%,6
paintball for 11 year olds,0,2,0%,6
paintball ranges near me,0,2,0%,6
paintball shooting indoor,0,2,0%,6
paintballed,0,2,0%,6
paintballing near,0,2,0%,6
pateball,0,2,0%,6
places to go paintball near me,0,2,0%,6
vip paintball,0,2,0%,6
apintball,0,2,0%,6.5
best paintball locations,0,2,0%,6.5
gotcha houston,0,2,0%,6.5
junior paintball near me,0,2,0%,6.5
paintball shooting game near me,0,2,0%,6.5
paintball?,0,2,0%,6.5
paintballing for kids near me,0,2,0%,6.5
paintballung,0,2,0%,6.5
pajntball,0,2,0%,6.5
pintballing,0,2,0%,6.5
campo de paintball cerca de mi,0,2,0%,7
kids paint balling,0,2,0%,7
outdoor paint ball,0,2,0%,7
paintball activity near me,0,2,0%,7
paintball battleground,0,2,0%,7
paintball fighting,0,2,0%,7
paintball kids party near me,0,2,0%,7
paintball lite near me,0,2,0%,7
paintball local,0,2,0%,7
paintball n,0,2,0%,7
paintball night games,0,2,0%,7
paintball photos,0,2,0%,7
paintball. near me,0,2,0%,7
glow in the dark paintball,0,2,0%,7.5
guerra de pintura paintball precio,0,2,0%,7.5
indoor paintball fields,0,2,0%,7.5
northwest paintball park prices,0,2,0%,7.5
paint ballen,0,2,0%,7.5
paintball activities,0,2,0%,7.5
paintball bar,0,2,0%,7.5
paintball gunning near me,0,2,0%,7.5
paintball private party,0,2,0%,7.5
paintball school,0,2,0%,7.5
peibol cerca de mi,0,2,0%,7.5
pqint ball,0,2,0%,7.5
urban paint,0,2,0%,7.5
airsoft fields in houston,0,2,0%,8
glow in dark paintball,0,2,0%,8
gotcha paintball cerca de mi,0,2,0%,8
location paintball,0,2,0%,8
paimball,0,2,0%,8
paint baling,0,2,0%,8
paintball event near me,0,2,0%,8
paintball for 7 year olds near me,0,2,0%,8
paintball for 9 year olds,0,2,0%,8
paintball game for kids,0,2,0%,8
paintball rental party,0,2,0%,8
paintball rentals near me,0,2,0%,8
tanks paintball park,0,2,0%,8
the paintball place,0,2,0%,8
ballpaint,0,2,0%,8.5
local paintball,0,2,0%,8.5
paintball session,0,2,0%,8.5
push paintball,0,2,0%,8.5
shooting zombies with paintball guns near me,0,2,0%,8.5
painfball,0,2,0%,9
paintball camps near me,0,2,0%,9
paintball kids party,0,2,0%,9
paintball near me store,0,2,0%,9
paintball open play,0,2,0%,9
paintball shooting zombies near me,0,2,0%,9
the paintball expert,0,2,0%,9
uban zone,0,2,0%,9
airsoft fields in houston texas,0,2,0%,9.5
foids urban,0,2,0%,9.5
indoor outdoor paintball,0,2,0%,9.5
paintball court,0,2,0%,9.5
paintball reviews,0,2,0%,9.5
indoorpaintball,0,2,0%,10
paint ball arena near me,0,2,0%,10
paint ball day,0,2,0%,10
paintball bullets near me,0,2,0%,10
paintball for 2 people,0,2,0%,10
paintball pro shop near me,0,2,0%,10
paintball stores nearby,0,2,0%,10
paintball.places near me,0,2,0%,10
paintballusa,0,2,0%,10
pictures of paintball fields,0,2,0%,10
airsoft fields houston,0,2,0%,10.5
paint balling newr me,0,2,0%,10.5
paintball zombies near me,0,2,0%,10.5
warr zone,0,2,0%,10.5
paint ball store near me,0,2,0%,11
paintball party packages,0,2,0%,11
paintball repair near me,0,2,0%,11
where to buy paintballs near me,0,2,0%,11
best indoor paintball near me,0,2,0%,11.5
paint ball shooting game,0,2,0%,11.5
paintball store near me within 20 mi,0,2,0%,11.5
paintball supplies near me,0,2,0%,11.5
paintval,0,2,0%,11.5
war near me,0,2,0%,11.5
paint ball location,0,2,0%,12